{"version":1,"index":0,"parentId":"81E4F338-9394-4825-BFA4-4085EE9D1C5A","color":{"r":0,"b":0.79607843137254897,"g":0.71372549019607845,"a":1}}